MSI RTX 3070 ventus OC;‚Ññ 2052707005;   —Å–µ–≥–æ–¥–Ω—è –≤ 11:12  ;https://12.img.avito.st/640x480/10163798512.jpg; –ú–æ—Å–∫–≤–∞, –ü–æ–ª–æ—Ü–∫–∞—è —É–ª. ;57 500;–û—Ç–¥–∞—é –≤–º–µ—Å—Ç–µ —Å –ø–µ—Ä–µ—Ö–æ–¥–Ω–∏–∫–∞–º–∏ –¥–ª—è 16pin –¥–æ–ø –ø–∏—Ç–∞–Ω–∏—è. 2—Ö8pin(6+2). –í—Å–µ —á–µ–∫–∏ –µ—Å—Ç—å, –≥–∞—Ä–∞–Ω—Ç–∏—è –∏–º–µ–µ—Ç—Å—è 36 –º–µ—Å—è—Ü–µ–≤ (—Å –ø–æ–ª–Ω–æ–π –∑–∞–º–µ–Ω–æ–π —É—Å—Ç—Ä–æ–π—Å—Ç–≤–∞ –ø—Ä–∏ –ø–æ–ª–æ–º–∫–µ)
Rtx 3070 gigabyte vizion;‚Ññ 2077728900;   —Å–µ–≥–æ–¥–Ω—è –≤ 09:03  ;https://04.img.avito.st/640x480/10151731204.jpg; –ú–æ—Å–∫–≤–∞, –ø—Ä-—Ç –ë—É–¥—ë–Ω–Ω–æ–≥–æ, 53—Å2 ;65 000;–í –ù–ê–õ–ò–ß–ò–ò –ù–û–í–´–ï RTX 3070 GIGABYTE VIZION - 62000!!!
–í–∏–¥–µ–æ–∫–∞—Ä—Ç–∞ geforce gtx 960 asus strix 4 gb;‚Ññ 2024842707;   —Å–µ–≥–æ–¥–Ω—è –≤ 15:53  ;https://14.img.avito.st/640x480/9930628314.jpg; –ú–æ—Å–∫–≤–∞, –ó–µ–ª–µ–Ω–æ–≥—Ä–∞–¥, –∫431 ;7 000;–°–æ—Å—Ç–æ—è–Ω–∏–µ –Ω–æ–≤–æ–µ, –≤–µ—Å—å –∫–æ–º–ø–ª–µ–∫—Ç, —Å—Ç–æ—è–ª–∞ –≤ –¥–æ–º–∞—à–Ω–µ–º –∫–æ–º–ø—å—é—Ç–µ—Ä–µ, –ø–æ—á—Ç–∏ –Ω–µ –≥—Ä–µ–µ—Ç—Å—è(55¬∞-65¬∞), –Ω–µ —à—É–º–∏—Ç –∞–±—Å–æ–ª—é—Ç–Ω–æ, –Ω–µ —Ä–∞–±–æ—Ç–∞–µ—Ç 1 hdmi. –í—Å–µ –∏–≥—Ä—É—à–∫–∏ –Ω–∞ –º–∞–∫—Å–∏–º–∞–ª–∫–∞—Ö.
–í–∏–¥–µ–æ–∫–∞—Ä—Ç–∞ Msi RX 480 Gaming X 8Gb;‚Ññ 2065528007;   22 –¥–µ–∫–∞–±—Ä—è –≤ 03:51  ;https://33.img.avito.st/640x480/10148539533.jpg; –ú–æ—Å–∫–≤–∞ ;12 500;–†–∞–±–æ—á–∞—è, –≤ –∏–¥–µ–∞–ª—å–Ω–æ–º —Å–æ—Å—Ç–æ—è–Ω–∏–∏, —Å —Ö–æ—Ä–æ—à–∏–º –∑–∞–≤–æ–¥—Å–∫–∏–º —Ä–∞–∑–≥–æ–Ω–æ–º!!! –ø–æ–ª–Ω—ã–π –∫–æ–º–ø–ª–µ–∫—Ç!!!
–í–∏–¥–µ–æ–∫–∞—Ä—Ç—ã RX 5700 XT, RX 580 8GB, 5600 XT;‚Ññ 2016039938;   —Å–µ–≥–æ–¥–Ω—è –≤ 08:58  ;https://56.img.avito.st/image/1/DSZ8aLaXoc9KwWPKalghF4HLpcvOS6kNzcuhwcjl1Lq95cK7o7_M47i-jKCjpcqjrbjLorrNqc_Cyw; –ú–æ—Å–∫–≤–∞, –°–ø–∞—Ä—Ç–∞–∫–æ–≤—Å–∫–∞—è —É–ª., 8 ;19 700;
–í–∏–¥–µ–æ–∫–∞—Ä—Ç—ã 1080ti/80/70/580/480/570;‚Ññ 1974539848;   —Å–µ–≥–æ–¥–Ω—è –≤ 10:48  ;https://28.img.avito.st/640x480/8831660428.jpg; –ú–æ—Å–∫–≤–∞, –û—Å–µ–Ω–Ω—è—è —É–ª., 23 ;;–ö–ê–†–¢–´ –†–ê–ë–û–ß–ò–ï
RTX 3080/3070/3060 Ti 10/8Gb;‚Ññ 2014457336;   —Å–µ–≥–æ–¥–Ω—è –≤ 21:14  ;https://76.img.avito.st/640x480/10154690876.jpg; –ú–æ—Å–∫–≤–∞, –ü—Ä–æ—Ñ—Å–æ—é–∑–Ω–∞—è —É–ª., 68–∫4 ;51 000;–ù–æ–≤—ã–µ, –∑–∞–ø–µ—á–∞—Ç–∞–Ω–Ω—ã–µ. 
RTX 3060ti;‚Ññ 2067903815;   —Å–µ–≥–æ–¥–Ω—è –≤ 00:45  ;https://71.img.avito.st/640x480/10162441371.jpg; –ú–æ—Å–∫–≤–∞, –ë–∞–≥—Ä–∞—Ç–∏–æ–Ω–æ–≤—Å–∫–∏–π –ø—Ä., 7–∫3 ;50 000;–≤ –Ω–∞–ª–∏—á–∏–∏ –Ω–∞ 24.12.20 100+—à—Ç
Msi rtx 3080 ventus 3x;‚Ññ 2058663550;   —Å–µ–≥–æ–¥–Ω—è –≤ 13:20  ;https://47.img.avito.st/640x480/10164871647.jpg; –ú–æ—Å–∫–≤–∞, –°–µ–≤–µ—Ä–Ω—ã–π –¥—É–±–ª—ë—Ä –ö—É—Ç—É–∑–æ–≤—Å–∫–æ–≥–æ –ø—Ä-—Ç–∞ ;88 000;–ù–æ–≤–∞—è
MSI RTX 3070 ventus OC;‚Ññ 2052707005;   —Å–µ–≥–æ–¥–Ω—è –≤ 11:12  ;https://12.img.avito.st/640x480/10163798512.jpg; –ú–æ—Å–∫–≤–∞, –ü–æ–ª–æ—Ü–∫–∞—è —É–ª. ;57 500;–û—Ç–¥–∞—é –≤–º–µ—Å—Ç–µ —Å –ø–µ—Ä–µ—Ö–æ–¥–Ω–∏–∫–∞–º–∏ –¥–ª—è 16pin –¥–æ–ø –ø–∏—Ç–∞–Ω–∏—è. 2—Ö8pin(6+2). –í—Å–µ —á–µ–∫–∏ –µ—Å—Ç—å, –≥–∞—Ä–∞–Ω—Ç–∏—è –∏–º–µ–µ—Ç—Å—è 36 –º–µ—Å—è—Ü–µ–≤ (—Å –ø–æ–ª–Ω–æ–π –∑–∞–º–µ–Ω–æ–π —É—Å—Ç—Ä–æ–π—Å—Ç–≤–∞ –ø—Ä–∏ –ø–æ–ª–æ–º–∫–µ)
Aorus RTX 2080 ti extreme;‚Ññ 2067555669;   —Å–µ–≥–æ–¥–Ω—è –≤ 10:37  ;https://55.img.avito.st/640x480/10155446655.jpg; –ú–æ—Å–∫–≤–∞, –õ—ë—Ç–Ω–∞—è —É–ª., 71 ;75 000;–∫–∞—Ä—Ç–æ—á–∫–∞ –ø—Ä–∞–∫—Ç–∏—á–µ—Å–∫–∏ –Ω–æ–≤–∞—è, –∏—Å–ø–æ–ª—å–∑—É—é –≤—Å–µ–≥–æ –ø–∞—Ä—É –º–µ—Å—è—Ü–µ–≤. –ü–æ–ª–Ω—ã–π –∫–æ–º–ø–ª–µ–∫—Ç –≤ –∫–æ—Ä–æ–±–∫–µ. –õ—é–±—ã–µ –ø—Ä–æ–≤–µ—Ä–∫–∏ —É –º–µ–Ω—è –¥–æ–º–∞, –≤–∏–¥–µ–æ–∫–∞—Ä—Ç—É –∏—Å–ø–æ–ª—å–∑–æ–≤–∞–ª —Ç–æ–ª—å–∫–æ –¥–ª—è –∏–≥—Ä. –ö –ø—Ä–∏–º–µ—Ä—É –Ω–æ–≤–∞—è –∏–≥—Ä–∞ Cyberpunk 2077 –≤ 2–ö-—Ä–∞–∑—Ä–µ—à–µ–Ω–∏–∏ –Ω–∞ –£–õ–¨–¢–†–ê-–Ω–∞—Å—Ç—Ä–æ–π–∫–∞—Ö –≤—ã–¥–∞—ë—Ç —É –º–µ–Ω—è –≤ —Å—Ä–µ–¥–Ω–µ–º 100-120 –§–ü–° —Å—Ç–∞–±–∏–ª—å–Ω–æ, –≤—Å—ë —Ä–∞–±–æ—Ç–∞–µ—Ç –∏–¥–µ–∞–ª—å–Ω–æ (–≥—Ä–∞—Ñ–∏–∫–∞ –∫—Å—Ç–∞—Ç–∏ –≤ –∏–≥—Ä–µ –∑–∞–º–µ—á–∞—Ç–µ–ª—å–Ω–∞—è, –ø—Ä–∏ –≤—Å—Ç—Ä–µ—á–µ —Å–∞–º–∏ —É–≤–∏–¥–∏—Ç–µ –∏ —Å–º–æ–∂–µ—Ç–µ –ø—Ä–æ—Ç–µ—Å—Ç–∏—Ä–æ–≤–∞—Ç—å –≤ –∏–≥—Ä–∞—Ö –∏–ª–∏ –ª—é–±—ã—Ö —Å—Ç—Ä–µ—Å—Å-–ø—Ä–æ–≥—Ä–∞–º–º–∞—Ö). –ü—Ä–æ–¥–∞—é —Ç–æ–ª—å–∫–æ –ø–æ—Ç–æ–º—É, —á—Ç–æ –∑–∞–≥–æ—Ä–µ–ª—Å—è –≤–∑—è—Ç—å RTX 3090 –∏ –ø–µ—Ä–µ–π—Ç–∏ –Ω–∞ 4–ö –≥–µ–π–º–∏–Ω–≥. –û—Ç –ø—Ä–æ–∏–∑–≤–æ–¥–∏—Ç–µ–ª—è –≥–∞—Ä–∞–Ω—Ç–∏—è 4 –≥–æ–¥–∞. –ü—Ä–æ–¥–∞—é —Ç–æ–ª—å–∫–æ –ø—Ä–∏ –ª–∏—á–Ω–æ–π –≤—Å—Ç—Ä–µ—á–µ, –Ω–∏–∫–∞–∫–∏—Ö –ø–µ—Ä–µ—Å—ã–ª–æ–∫.
RTX 6800, 3080, 3070, 3060 ti, evga, palit, msi;‚Ññ 2016171731;   —Å–µ–≥–æ–¥–Ω—è –≤ 11:10  ;https://71.img.avito.st/image/1/-vCtI7aXVhmbipQc1TCQ1FCAUh0fAF7bHIBWFxmuI2xsrjVtcvQ7NWn1e3Zy7j11fPM8dGuGXhkTgA; –ú–æ—Å–∫–≤–∞, —à. –≠–Ω—Ç—É–∑–∏–∞—Å—Ç–æ–≤, 9 ;50 000;
–í–∏–¥–µ–æ–∫–∞—Ä—Ç–∞ palit rtx2080ti gamingpro;‚Ññ 2058628458;   —Å–µ–≥–æ–¥–Ω—è –≤ 18:20  ;https://86.img.avito.st/640x480/10166868086.jpg; –ú–æ—Å–∫–≤–∞, –°–∏–º—Ñ–µ—Ä–æ–ø–æ–ª—å—Å–∫–∏–π –±-—Ä, 4–ê ;65 999;–í—Å–µ–º –¥–æ–±—Ä–æ–≥–æ –≤—Ä–µ–º–µ–Ω–∏ —Å—É—Ç–æ–∫! 
–í–∏–¥–µ–æ–∫–∞—Ä—Ç—ã RX 5700 XT, RX 580 8GB, 5600 XT;‚Ññ 2016039938;   —Å–µ–≥–æ–¥–Ω—è –≤ 08:58  ;https://56.img.avito.st/image/1/DSZ8aLaXoc9KwWPKalghF4HLpcvOS6kNzcuhwcjl1Lq95cK7o7_M47i-jKCjpcqjrbjLorrNqc_Cyw; –ú–æ—Å–∫–≤–∞, –°–ø–∞—Ä—Ç–∞–∫–æ–≤—Å–∫–∞—è —É–ª., 8 ;19 700;
Gigabyte rtx 3080 gaming oc;‚Ññ 2058045090;   —Å–µ–≥–æ–¥–Ω—è –≤ 13:19  ;https://96.img.avito.st/640x480/10164859496.jpg; –ú–æ—Å–∫–≤–∞, –°–µ–≤–µ—Ä–Ω—ã–π –¥—É–±–ª—ë—Ä –ö—É—Ç—É–∑–æ–≤—Å–∫–æ–≥–æ –ø—Ä-—Ç–∞ ;88 000;–ù–æ–≤–∞—è.
–í–∏–¥–µ–æ–∫–∞—Ä—Ç–∞ geforce gtx 960 asus strix 4 gb;‚Ññ 2024842707;   —Å–µ–≥–æ–¥–Ω—è –≤ 15:53  ;https://14.img.avito.st/640x480/9930628314.jpg; –ú–æ—Å–∫–≤–∞, –ó–µ–ª–µ–Ω–æ–≥—Ä–∞–¥, –∫431 ;7 000;–°–æ—Å—Ç–æ—è–Ω–∏–µ –Ω–æ–≤–æ–µ, –≤–µ—Å—å –∫–æ–º–ø–ª–µ–∫—Ç, —Å—Ç–æ—è–ª–∞ –≤ –¥–æ–º–∞—à–Ω–µ–º –∫–æ–º–ø—å—é—Ç–µ—Ä–µ, –ø–æ—á—Ç–∏ –Ω–µ –≥—Ä–µ–µ—Ç—Å—è(55¬∞-65¬∞), –Ω–µ —à—É–º–∏—Ç –∞–±—Å–æ–ª—é—Ç–Ω–æ, –Ω–µ —Ä–∞–±–æ—Ç–∞–µ—Ç 1 hdmi. –í—Å–µ –∏–≥—Ä—É—à–∫–∏ –Ω–∞ –º–∞–∫—Å–∏–º–∞–ª–∫–∞—Ö.
Gigabyte rtx 3080 gaming oc;‚Ññ 2058045090;   —Å–µ–≥–æ–¥–Ω—è –≤ 13:19  ;https://96.img.avito.st/640x480/10164859496.jpg; –ú–æ—Å–∫–≤–∞, –°–µ–≤–µ—Ä–Ω—ã–π –¥—É–±–ª—ë—Ä –ö—É—Ç—É–∑–æ–≤—Å–∫–æ–≥–æ –ø—Ä-—Ç–∞ ;88 000;–ù–æ–≤–∞—è.
–í–∏–¥–µ–æ–∫–∞—Ä—Ç–∞ MSI (PCI-E, GT 730, 4096Mb DDR3, hdmi, DVI, 128bit) RET #N730-4GD3;;;https://66.img.avito.st/640x480/9806188466.jpg;;5 599;
–í–∏–¥–µ–æ–∫–∞—Ä—Ç–∞ asus dual EVO OC (PCI-E, RX 5500 XT, 4096Mb gddr6, hdmi, 3xDisplayPort, 128bit) RET #dual-RX5500XT-O4G-EVO;;;https://29.img.avito.st/640x480/10089266429.jpg;;17 589;
–í–∏–¥–µ–æ–∫–∞—Ä—Ç–∞ Sapphire Pulse (PCI-E, Radeon RX 580, 4096Mb gddr5, DVI-D, 2xhdmi, 2xDisplayPort, 256bit) OEM #11265-24;;;https://41.img.avito.st/640x480/9806200641.jpg;;14 999;
–í–∏–¥–µ–æ–∫–∞—Ä—Ç—ã rx 5700 / 5700 XT –Ω–æ–≤—ã–µ;‚Ññ 2041126730;   19 –¥–µ–∫–∞–±—Ä—è –≤ 14:42  ;https://30.img.avito.st/640x480/9657101230.jpg; –ú–æ—Å–∫–≤–∞, 2-–π –•–æ—Ä–æ—à—ë–≤—Å–∫–∏–π –ø—Ä., 7—Å17 ;37 990;
Msi rtx 3080 ventus 3x;‚Ññ 2058663550;   —Å–µ–≥–æ–¥–Ω—è –≤ 13:20  ;https://47.img.avito.st/640x480/10164871647.jpg; –ú–æ—Å–∫–≤–∞, –°–µ–≤–µ—Ä–Ω—ã–π –¥—É–±–ª—ë—Ä –ö—É—Ç—É–∑–æ–≤—Å–∫–æ–≥–æ –ø—Ä-—Ç–∞ ;88 000;–ù–æ–≤–∞—è
–í–∏–¥–µ–æ–∫–∞—Ä—Ç–∞ asus turbo GeForce RTX 2070;‚Ññ 2034466039;   —Å–µ–≥–æ–¥–Ω—è –≤ 21:20  ;https://23.img.avito.st/640x480/9777910423.jpg; –ú–æ—Å–∫–≤–∞ ;35 000;–ü—Ä–∞–∫—Ç–∏—á–µ—Å–∫–∏ –Ω–æ–≤–∞—è (2 –Ω–µ–¥–µ–ª–∏ –±/—É), –∂–¥–µ—Ç —Å–≤–æ–µ–≥–æ –≤–ª–∞–¥–µ–ª—å—Ü–∞. –ü—Ä–æ–¥–∞–µ—Ç—Å—è —Ç–∞–∫ –∫–∞–∫ –ø–æ–¥–∞—Ä–∏–ª–∏ –∫–∞—Ä—Ç—É –ø–æ–º–æ—â–Ω–µ–µ )
RTX 3060ti;‚Ññ 2067903815;   —Å–µ–≥–æ–¥–Ω—è –≤ 00:45  ;https://71.img.avito.st/640x480/10162441371.jpg; –ú–æ—Å–∫–≤–∞, –ë–∞–≥—Ä–∞—Ç–∏–æ–Ω–æ–≤—Å–∫–∏–π –ø—Ä., 7–∫3 ;50 000;–≤ –Ω–∞–ª–∏—á–∏–∏ –Ω–∞ 24.12.20 100+—à—Ç
SSD 128Gb,256Gb,512Gb,1Tb Apple MacBook Pro Air;‚Ññ 1776437020;   18 –¥–µ–∫–∞–±—Ä—è –≤ 11:07  ;https://34.img.avito.st/640x480/6009579834.jpg; –ú–æ—Å–∫–≤–∞ ;7 500;üëâ –û—Ä–∏–≥–∏–Ω–∞–ª—å–Ω—ã–µ SSD flash –Ω–∞–∫–æ–ø–∏—Ç–µ–ª—å –¥–ª—è –ú–∞–∫–±—É–∫–æ–≤ (for Macbook Pro,  Macbook Air, iMac ). 
–í–∏–¥–µ–æ–∫–∞—Ä—Ç—ã –¥–ª—è –º–∞–π–∏–Ω–≥–∞ RX 5600 XT, RX 5700 XT, 580;‚Ññ 2017230508;   —Å–µ–≥–æ–¥–Ω—è –≤ 12:40  ;https://30.img.avito.st/640x480/9882325630.jpg; –ú–æ—Å–∫–≤–∞, —à. –≠–Ω—Ç—É–∑–∏–∞—Å—Ç–æ–≤, 11 ;19 800;–í—Å–µ –≤ –Ω–∞–ª–∏—á–∏–∏, –æ—Ç–ø—Ä–∞–≤–ª—è–µ–º –Ω–∞–ª–æ–∂–µ–Ω–Ω—ã–º –ø–ª–∞—Ç–µ–∂–æ–º, –∫—Ä—É–ø–Ω—ã–π –∏ –º–µ–ª–∫–∏–π –æ–ø—Ç –æ—Ç 3 —à—Ç—É–∫.
Rtx 3090, 3070, 3060, 6800 - –±–æ–ª—å—à–æ–π –≤—ã–±–æ—Ä —Ç—É—Ç;‚Ññ 2017554587;   —Å–µ–≥–æ–¥–Ω—è –≤ 12:42  ;https://14.img.avito.st/640x480/10070360914.jpg; –ú–æ—Å–∫–≤–∞, —à. –≠–Ω—Ç—É–∑–∏–∞—Å—Ç–æ–≤, 11 ;50 000;–¶–µ–Ω—ã —Å–Ω–∏–∂–µ–Ω—ã, –∫–æ–ª–∏—á–µ—Å—Ç–≤–æ –æ–≥—Ä–∞–Ω–∏—á–µ–Ω–æ! –£—Å–ø–µ–π—Ç–µ –∫—É–ø–∏—Ç—å –∏–ª–∏ –∑–∞–±—Ä–æ–Ω–∏—Ä–æ–≤–∞—Ç—å.
–ù–æ–≤—ã–µ 1080 Ti BOX –∏ –ø–æ–¥–µ—à–µ–≤–ª–µ –≤–∏–¥–µ–æ–∫–∞—Ä—Ç—ã;‚Ññ 1921522774;   —Å–µ–≥–æ–¥–Ω—è –≤ 14:31  ;https://46.img.avito.st/640x480/9936181646.jpg; –ú–æ—Å–∫–≤–∞, –ù–æ–≤–æ—Ä—è–∑–∞–Ω—Å–∫–∞—è —É–ª. ;33 900;–í–Ω–∏–∑—É –∫–∞–∂–¥–æ–π –Ω–∞—à–µ–π —Ä–µ–∫–ª–∞–º—ã , —É–∫–∞–∑–∞–Ω–∞ - —Ä–µ–∫–ª–∞–º–∞ –Ω–∞—à–∏—Ö –∂–µ –æ–±—ä—è–≤–ª–µ–Ω–∏–π! –ü–æ—Å–º–æ—Ç—Ä–∏—Ç–µ -—Ç–∞–º –º–Ω–æ–≥–æ –≤—Å–µ–≥–æ –∏–Ω—Ç–µ—Ä–µ—Å–Ω–æ–≥–æ –í—Å–µ–≥–¥–∞ –ü—Ä–æ–≤–µ—Ä–∫–∞ –ø—Ä–∏ –í–∞—Å + –≤—Ä–µ–º—è –Ω–∞ –¥–æ–ø–æ–ª–Ω–∏—Ç–µ–ª—å–Ω—É—é –ø—Ä–æ–≤–µ—Ä–∫—É –¥–æ–º–∞! –†–∞–±–æ—Ç–∞–µ–º –∫–∞–∂–¥—ã–π –¥–µ–Ω—å, –±–µ–∑ –≤—ã—Ö–æ–¥–Ω—ã—Ö —Å 11:10 –¥–æ 19:00
Gigabyte GTX 1060 6gb;‚Ññ 2059144551;   —Å–µ–≥–æ–¥–Ω—è –≤ 20:46  ;https://53.img.avito.st/640x480/10118304953.jpg; –ú–æ—Å–∫–≤–∞ ;13 000;–ü—Ä–æ–¥–∞—é –∫–∞—Ä—Ç—É Gigabyte GeForce GTX 1060 WINDFORCE OC 6G 
–í–∏–¥–µ–æ–∫–∞—Ä—Ç—ã 3080,3090,3070, 5700XT;‚Ññ 1988813091;   —Å–µ–≥–æ–¥–Ω—è –≤ 15:00  ;https://75.img.avito.st/640x480/9543508475.jpg; –ú–æ—Å–∫–≤–∞, —à. –≠–Ω—Ç—É–∑–∏–∞—Å—Ç–æ–≤ ;78 000;–î–õ–Ø –¢–ï–• –ö–û–ú–£ –ú–ï–ù–¨–®–ï 10 –®–¢–£–ö
GeForce 3080;‚Ññ 1998975223;   20 –¥–µ–∫–∞–±—Ä—è –≤ 08:56  ;https://75.img.avito.st/640x480/10162380275.jpg; –ú–æ—Å–∫–≤–∞, —É–ª. –°—É—â—ë–≤—Å–∫–∏–π –í–∞–ª, 5—Å1–ê ;115 000;–≤—Å–µ –∫–∞—Ä—Ç—ã –Ω–æ–≤—ã–µ, –≥–∞—Ä–∞–Ω—Ç–∏—è –æ—Ñ–∏—Ü–∏–∞–ª—å–Ω–∞—è, —Ä–æ—Å—Ç–µ—Å—Ç, –Ω–µ –ø–µ—Ä–µ–∫—É–ø, –ø—Ä—è–º—ã–µ –ø–æ—Å—Ç–∞–≤–∫–∏ –æ—Ç –∏–∑–≤–µ—Å—Ç–Ω—ã—Ö –≤—Å–µ–º –ø–æ—Å—Ç–∞–≤—â–∏–∫–æ–≤, –Ω–æ –Ω–µ –æ—Ç –¥–Ω—Å, —Å–∏—Ç–∏–ª–∏–Ω–∫ –∏ —Ç–ø. –í—Å–µ –∫–∞—Ä—Ç—ã –∑–∞–ø–µ—á–∞—Ç–∞–Ω—ã.
Gtx 1060 6gb MSI OCV1;‚Ññ 2059234377;   —Å–µ–≥–æ–¥–Ω—è –≤ 20:45  ;https://59.img.avito.st/640x480/10158625259.jpg; –ú–æ—Å–∫–≤–∞ ;13 000;–ü—Ä–æ–¥–∞—é –∫–∞—Ä—Ç—É MSI GTX 1060 6GB GT OCV1
–í–∏–¥–µ–æ–∫–∞—Ä—Ç–∞ Radeon HD 5450, HD 7470;‚Ññ 2074089824;   —Å–µ–≥–æ–¥–Ω—è –≤ 22:58  ;https://35.img.avito.st/640x480/10168276935.jpg; –ú–æ—Å–∫–≤–∞ ;500;–í–∏–¥–µ–æ–∫–∞—Ä—Ç–∞ HD5450. 
–í–∏–¥–µ–æ–∫–∞—Ä—Ç–∞;‚Ññ 2074264294;   —Å–µ–≥–æ–¥–Ω—è –≤ 22:52  ;https://38.img.avito.st/640x480/10168267538.jpg; –ú–æ—Å–∫–≤–∞, —É–ª. –í–∏–ª–∏—Å–∞ –õ–∞—Ü–∏—Å–∞, 11–∫3 ;1 000;–Ω–æ–≤–∞—è —Ä–∞–±–æ—á–∞—è –≤–∏–¥—é—Ö–∞ 
–í–∏–¥–µ–æ–∫–∞—Ä—Ç–∞ rx470 4gb;‚Ññ 2069492917;   —Å–µ–≥–æ–¥–Ω—è –≤ 22:36  ;https://43.img.avito.st/640x480/10168202643.jpg; –ú–æ—Å–∫–≤–∞, –°–µ–≤–µ—Ä–Ω—ã–π –∞–¥–º–∏–Ω–∏—Å—Ç—Ä–∞—Ç–∏–≤–Ω—ã–π –æ–∫—Ä—É–≥, –ë–µ—Å–∫—É–¥–Ω–∏–∫–æ–≤—Å–∫–∏–π —Ä–∞–π–æ–Ω ;7 000;xfx rx470 4gb GDDR5 256bit
–í–∏–¥–µ–æ–∫–∞—Ä—Ç–∞ Gigabyte GeForce GTX 1660 Ti gaming OC;‚Ññ 2059493600;   —Å–µ–≥–æ–¥–Ω—è –≤ 22:35  ;https://03.img.avito.st/640x480/10168179803.jpg; –ú–æ—Å–∫–≤–∞ ;24 000;–í–∏–¥–µ–æ–∫–∞—Ä—Ç–∞ Gigabyte GeForce GTX 1660 Ti GAMING OC [GV-N166TGAMING OC-6GD]
Asus GeForce GTX 960 1190Mhz PCI-E 3.0 4096Mb;‚Ññ 1770934482;   —Å–µ–≥–æ–¥–Ω—è –≤ 22:35  ;https://17.img.avito.st/640x480/9983030617.jpg; –ú–æ—Å–∫–≤–∞, –ö–∞—à–∏—Ä—Å–∫–æ–µ —à. ;7 000;–í–∏–¥–µ–æ –ö–∞—Ä—Ç–∞ –≤ –ò–¥–µ–∞–ª—å–Ω–æ–º –°–æ—Å—Ç–æ—è–Ω–∏–∏ –õ—é–±—ã–µ –ü—Ä–æ–≤–µ—Ä–∫–∏ –µ—â–µ –ù–µ–¥–µ–ª—è –Ω–∞ –ü—Ä–æ–≤–µ—Ä–∫—É
–í–∏–¥–µ–æ–∫–∞—Ä—Ç–∞ GeForce GT320 1GB DDR III hdmi;‚Ññ 2056475892;   —Å–µ–≥–æ–¥–Ω—è –≤ 22:24  ;https://87.img.avito.st/640x480/10168167087.jpg; –ú–æ—Å–∫–≤–∞, –ù–æ–≤–æ—á–µ—Ä–∫–∞—Å—Å–∫–∏–π –±-—Ä, 55 ;999;–í–∏–¥–µ–æ–∫–∞—Ä—Ç–∞ GeForce GT 320 OEM –±—ã–ª–∞ –≤—ã–ø—É—â–µ–Ω–∞ –∫–æ–º–ø–∞–Ω–∏–µ–π NVIDIA. –ü—Ä–µ–¥–Ω–∞–∑–Ω–∞—á–µ–Ω–∞ –¥–ª—è desktop-–∫–æ–º–ø—å—é—Ç–µ—Ä–æ–≤ –∏ –ø–æ—Å—Ç—Ä–æ–µ–Ω–∞ –Ω–∞ –∞—Ä—Ö–∏—Ç–µ–∫—Ç—É—Ä–µ Tesla 2.0 —Å –∫–æ–¥–æ–≤—ã–º –Ω–∞–∑–≤–∞–Ω–∏–µ–º GT215.
–í–∏–¥–µ–æ–∫–∞—Ä—Ç–∞ MSI GeForce GTX 750 Ti 2gb;‚Ññ 2063069494;   —Å–µ–≥–æ–¥–Ω—è –≤ 22:11  ;https://82.img.avito.st/640x480/10168112482.jpg; –ú–æ—Å–∫–æ–≤—Å–∫–∞—è –æ–±–ª–∞—Å—Ç—å, –õ—é–±–µ—Ä—Ü—ã, –í–µ—Ä—Ç–æ–ª—ë—Ç–Ω–∞—è —É–ª., 10 ;4 000;–í–∏–¥–µ–æ–∫–∞—Ä—Ç–∞ MSI GeForce GTX 750 Ti OC Twin Frozr Gaming [N750Ti TF 2GD5/–û–°] , –∏—Å–ø–æ–ª—å–∑–æ–≤–∞–ª–∞—Å—å –¥–ª—è –∏–≥—Ä, –Ω–µ —Ä–∞–∑–≥–æ–Ω—è–ª–∞—Å—å, –ø–æ–ª–Ω–æ—Å—Ç—å—é –≤ —Ä–∞–±–æ—á–µ–º —Å–æ—Å—Ç–æ—è–Ω–∏–∏.
Gigabyte GeForce GTX 660;‚Ññ 1952982999;   —Å–µ–≥–æ–¥–Ω—è –≤ 22:07  ;https://28.img.avito.st/640x480/9027639028.jpg; –ú–æ—Å–∫–≤–∞, —É–ª. –§–æ–Ω–≤–∏–∑–∏–Ω–∞ ;2 500;Gigabyte GeForce GTX 660 GV-N660OC-2GD
GeForce GTX 1080Ti;‚Ññ 2047858537;   22 –¥–µ–∫–∞–±—Ä—è –≤ 15:41  ;https://45.img.avito.st/640x480/10151068945.jpg; –ú–æ—Å–∫–≤–∞, –ü–æ–ª—è—Ä–Ω–∞—è —É–ª., 37 ;28 999;–í–∏–¥–µ–æ–∫–∞—Ä—Ç–∞ GeForce GTX 1080Ti 11G MSI GAMING X 
Gigabyte gtx 1080 x3;‚Ññ 2064119911;   —Å–µ–≥–æ–¥–Ω—è –≤ 21:58  ;https://13.img.avito.st/640x480/10168048213.jpg; –ú–æ—Å–∫–≤–∞ ;23 000;–≤–∏–¥–µ–æ–∫–∞—Ä—Ç–∞ –º–∞–π–Ω–∏–Ω–≥–∞ –Ω–µ –≤–∏–¥–µ–ª–∞, –∫–∞—Ä—Ç–∞ –∏–∑ –º–æ–∏—Ö —Ä—É–∫, –≤ –µ–¥–∏–Ω—Å—Ç–≤–µ–Ω–Ω—ã—Ö —Ä—É–∫–∞—Ö, –∏—Å–ø–æ–ª—å–∑–æ–≤–∞–ª–∞—Å—å –¥–ª—è –∏–≥—Ä, –ø–æ–∫—É–ø–∞–ª–∞—Å—å 3 –≥–æ–¥–∞ –Ω–∞–∑–∞–¥, –∏–∑ –∫–æ–º–ø–ª–µ–∫—Ç–∞ –µ—Å—Ç—å –∫–æ—Ä–æ–±–∫–∞, –≤–∏–¥–µ–æ–∫–∞—Ä—Ç–∞ –∏ –∏–Ω—Å—Ç—Ä—É–∫—Ü–∏—è
Palit GeForce RTX 3090 GameRock 24GB;‚Ññ 2074790365;   18 –¥–µ–∫–∞–±—Ä—è –≤ 23:11  ;https://75.img.avito.st/640x480/10104211975.jpg; –ú–æ—Å–∫–≤–∞, –ú–∞—Ä–∫—Å–∏—Å—Ç—Å–∫–∞—è —É–ª., 34–∫4 ;142 000;–ü—Ä–æ–¥–∞–µ—Ç—Å—è –í–∏–¥–µ–æ–∫–∞—Ä—Ç–∞ Palit GeForce RTX 3090 GameRock 24GB. –ù–æ–≤—ã–µ. –ù–µ –≤—Å–∫—Ä—ã—Ç—ã–µ. –ù–∞ –≥–∞—Ä–∞–Ω—Ç–∏–∏ 3 –≥–æ–¥–∞. –ï—Å—Ç—å –ø–∞—Ä–∞ —à—Ç—É–∫. –û—Ç–ø—Ä–∞–≤–ª—è–µ–º –∞–≤–∏—Ç–æ-–¥–æ—Å—Ç–∞–≤–∫–æ–π —á–µ—Ä–µ–∑ –±–æ–∫—Å–±–µ—Ä–∏. –ö—É—Ä—å–µ—Ä–æ–º –∞–≤–∏—Ç–æ –ø–æ –ú–æ—Å–∫–≤–µ. –û—Å—Ç–∞–ª—å–Ω—ã–µ –æ—Ç–ø—Ä–∞–≤–∫–∏ –ø–æ 100% –ø—Ä–µ–¥–æ–ø–ª–∞—Ç–µ –∏–ª–∏ —Å–∞–º–æ–≤—ã–≤–æ–∑ –∏–∑ –æ—Ñ–∏—Å–∞. –ê–¥—Ä–µ—Å –æ—Ñ–∏—Å–∞ –¥–ª—è —Å–∞–º–æ–≤—ã–≤–æ–∑–∞ 2-3 –º–∏–Ω –ø–µ—à–∫–æ–º –æ—Ç –º–µ—Ç—Ä–æ –ü—Ä–æ–ª–µ—Ç–∞—Ä—Å–∫–∞—è: –ú–∞—Ä–∫—Å–∏—Å—Ç—Å–∫–∞—è 34 –∫–æ—Ä–ø—É—Å 4. –ó–¥–∞–Ω–∏–µ –ß–∞—Å–æ–≤–æ–≥–æ –∑–∞–≤–æ–¥–∞.
Asus GeForce GTX 1080 strix –Ω–∞ –≤–æ–¥–æ–±–ª–æ–∫–µ EK;‚Ññ 2061848051;   —Å–µ–≥–æ–¥–Ω—è –≤ 21:54  ;https://59.img.avito.st/640x480/10168034059.jpg; –ú–æ—Å–∫–≤–∞, 16-—è –ü–∞—Ä–∫–æ–≤–∞—è —É–ª., –≤–ª36—Å1 ;24 000;–í –æ—Ç–ª–∏—á–Ω–æ–º —Ä–∞–±–æ—á–µ–º —Å–æ—Å—Ç–æ—è–Ω–∏–∏, –º–∏–Ω–∏–º–∞–ª—å–Ω–∞—è –Ω–∞—Ä–∞–±–æ—Ç–∫–∞,
–í–∏–¥–µ–æ–∫–∞—Ä—Ç–∞ Gigabyte nvidia GeForce Gtx 980ti Gamin;‚Ññ 2060479644;   —Å–µ–≥–æ–¥–Ω—è –≤ 21:47  ;https://69.img.avito.st/640x480/10167400469.jpg; –ú–æ—Å–∫–≤–∞, –ë–æ—Ä–∏—Å–æ–≤—Å–∫–∏–π –ø—Ä., 11–∫1 ;12 000;–í–∏–¥–µ–æ–∫–∞—Ä—Ç–∞ Gigabyte NVIDIA GeForce Gtx 980ti Gaming
Rx 5700 xt;‚Ññ 2064671248;   —Å–µ–≥–æ–¥–Ω—è –≤ 21:37  ;https://88.img.avito.st/640x480/10167231388.jpg; –ú–æ—Å–∫–≤–∞, –¶–≤–µ—Ç–Ω–æ–π –±-—Ä, 17 ;27 000;–ü—Ä–æ–¥–∞—é Powercolor rx 5700 xt red dragon. –í–∏–¥–µ–æ–∫–∞—Ä—Ç–∞ –≤ –æ—Ç–ª–∏—á–Ω–æ–º —Å–æ—Å—Ç–æ—è–Ω–∏–∏, –∏—Å–ø–æ–ª—å–∑–æ–≤–∞–ª –¥–ª—è –∏–≥—Ä –∏ –∏–Ω—Ç–µ—Ä–Ω–µ—Ç–∞, "–∏–≥—Ä–∞–ª –Ω–µ —á–∞—Å—Ç–æ –≤ –æ—Å–Ω–æ–≤–Ω–æ–º —ç—Ç–∞ –∫–∞—Ä—Ç–∞ –∏—Å–ø–æ–ª—å–∑–æ–≤–∞–ª–∞—Å—å –≤ –ø—Ä–æ—Å–º–æ—Ç—Ä–µ —Ä–æ–ª–∏–∫–æ–≤ —Å —é—Ç—É–±–∞" –≤–∏–¥–µ–æ–∫–∞—Ä—Ç–µ 1 –≥–æ–¥.
XFX Geforce 7900GS 256Mb AGP;‚Ññ 2048914319;   —Å–µ–≥–æ–¥–Ω—è –≤ 21:27  ;https://24.img.avito.st/640x480/10167393724.jpg; –ú–æ—Å–∫–≤–∞, –ó–∞–ø–∞–¥–Ω—ã–π –∞–¥–º–∏–Ω–∏—Å—Ç—Ä–∞—Ç–∏–≤–Ω—ã–π –æ–∫—Ä—É–≥, —Ä–∞–π–æ–Ω –§–∏–ª–∏-–î–∞–≤—ã–¥–∫–æ–≤–æ ;1 000;256Mb DDR3 XFX GeForce 7900GS AGP - –æ–¥–Ω–∞ –∏–∑ —Å–∞–º—ã—Ö –º–æ—â–Ω—ã—Ö –≤–∏–¥–µ–æ–∫–∞—Ä—Ç –Ω–∞ —à–∏–Ω–µ AGP.
–í–∏–¥–µ–æ–∫–∞—Ä—Ç–∞ Nvidia GTX 750Ti 2GB;‚Ññ 2077139542;   —Å–µ–≥–æ–¥–Ω—è –≤ 21:24  ;https://48.img.avito.st/640x480/10167250448.jpg; –ú–æ—Å–∫–≤–∞, –ó–µ–ª–µ–Ω–æ–≥—Ä–∞–¥, 3-–π –º–∏–∫—Ä–æ—Ä–∞–π–æ–Ω ;500;–ú–µ—Ä—Ç–≤–∞—è. –í—Å–∫—Ä—ã–≤–∞–ª–∞—Å—å –∏ –æ–¥–∏–Ω –≤–∏–Ω—Ç –ø–æ—Ç–µ—Ä—è–Ω. –ü—Ä–µ–¥–ø–æ–ª–∞–≥–∞—é, –≤–æ—Å—Å—Ç–∞–Ω–æ–≤–ª–µ–Ω–∏—é –ø–æ–¥–ª–µ–∂–∏—Ç.
–ù–æ–≤–∞—è –≤–∏–¥–µ–æ–∫–∞—Ä—Ç–∞ Radeon HD5450 512Mb;‚Ññ 1072984395;   —Å–µ–≥–æ–¥–Ω—è –≤ 21:23  ;https://80.img.avito.st/640x480/8965863680.jpg; –ú–æ—Å–∫–≤–∞, –ó–∞–ø–∞–¥–Ω—ã–π –∞–¥–º–∏–Ω–∏—Å—Ç—Ä–∞—Ç–∏–≤–Ω—ã–π –æ–∫—Ä—É–≥, —Ä–∞–π–æ–Ω –§–∏–ª–∏-–î–∞–≤—ã–¥–∫–æ–≤–æ ;1 200;–ù–æ–≤—ã–µ –≤–∏–¥–µ–æ–∫–∞—Ä—Ç–∞ Sapphire Radeon HD5450 512Mb GDDR3 oem .
–í–∏–¥–µ–æ–∫–∞—Ä—Ç–∞ GeForce 760 2Gb;‚Ññ 2064977688;   —Å–µ–≥–æ–¥–Ω—è –≤ 21:16  ;https://08.img.avito.st/640x480/10167859508.jpg; –ú–æ—Å–∫–≤–∞, –©—ë–ª–∫–æ–≤—Å–∫–æ–µ —à., 12–∫3 ;3 000;–†–∞–±–æ—Ç–∞–µ—Ç, –±–µ–∑ –¥–µ—Ñ–µ–∫—Ç–æ–≤. –ë–µ–∑ —Ç–æ—Ä–≥–∞. –°–∞–º–æ–≤—ã–≤–æ–∑.
–ê–ºd R–∞d–µ–æn HD 7800 S–µries (2 –≥–±);‚Ññ 2068363477;   —Å–µ–≥–æ–¥–Ω—è –≤ 21:11  ;https://04.img.avito.st/640x480/10167796604.jpg; –ú–æ—Å–∫–≤–∞, —É–ª. –î–µ–∫–∞–±—Ä–∏—Å—Ç–æ–≤, 38 ;5 000;–í–∏–¥—è—Ö–∞ —Å—Ç–∞—Ä–µ–Ω—å–∫–∞—è,–ù–æ —è –Ω–∞ –Ω–µ–π –∏–≥—Ä–∞–ª –≤ –æ—á –º–Ω–æ–≥–∏–µ –∏–≥—Ä—ã! 
–í–∏–¥–µ–æ–∫–∞—Ä—Ç–∞ gtx 1080ti palit gamerock;‚Ññ 2073875519;   —Å–µ–≥–æ–¥–Ω—è –≤ 21:09  ;https://93.img.avito.st/640x480/10167792993.jpg; –ú–æ—Å–∫–≤–∞, –ö—Ä–æ–Ω—à—Ç–∞–¥—Ç—Å–∫–∏–π –±-—Ä, 3—Å13 ;29 000;–ë—ã–ª–∞ –≤ —É–ø–æ—Ç—Ä–µ–±–ª–µ–Ω–∏–∏ –æ–∫–æ–ª–æ –º–µ—Å—è—Ü–∞, –±–µ–∑ –º–∞–π–Ω–∏–Ω–≥–∞, –≤—Å–µ —Ç–µ—Å—Ç—ã –ø—Ä–æ—Ö–æ–¥–∏—Ç, —Ä–∞–±–æ—Ç–∞–µ—Ç –±–µ–∑ –ø—Ä–æ–±–ª–µ–º, –ø–ª–æ–º–±—ã –Ω–∞ –º–µ—Å—Ç–µ.
–í–∏–¥–µ–æ–∫–∞—Ä—Ç–∞ gigabyte r7 240 oc 2gb;‚Ññ 2044763605;   —Å–µ–≥–æ–¥–Ω—è –≤ 21:23  ;https://80.img.avito.st/640x480/9765004480.jpg; –ú–æ—Å–∫–æ–≤—Å–∫–∞—è –æ–±–ª–∞—Å—Ç—å, –û–¥–∏–Ω—Ü–æ–≤—Å–∫–∏–π –≥.–æ., –¥. –†–∞–∑–¥–æ—Ä—ã, —É–ª. –õ–∏–ø–æ–≤–æ–π –†–æ—â–∏, 1–∫2 ;2 000;–û–°–ù–û–í–ù–û–ï
–í–∏–¥–µ–æ–∫–∞—Ä—Ç–∞ AX3650;‚Ññ 1970151128;   —Å–µ–≥–æ–¥–Ω—è –≤ 21:52  ;https://92.img.avito.st/640x480/8984376792.jpg; –ú–æ—Å–∫–≤–∞, –ù–æ–≤–æ—è—Å–µ–Ω–µ–≤—Å–∫–∏–π –ø—Ä-—Ç ;600;–ü–æ–ª–Ω–æ—Å—Ç—å—é —Ä–∞–±–æ—á–∞—è –≤–∏–¥–µ–æ–∫–∞—Ä—Ç–∞
–í–∏–¥–µ–æ–∫–∞—Ä—Ç–∞ gtx 770 2 gb;‚Ññ 2048249535;   —Å–µ–≥–æ–¥–Ω—è –≤ 21:00  ;https://48.img.avito.st/640x480/10167757248.jpg; –ú–æ—Å–∫–≤–∞ ;4 500;–ü–æ–ª–Ω–æ—Å—Ç—å—é —Ä–∞–±–æ—á–∞—é, –±–µ–∑ –∫–∞–∫–∏—Ö-–ª–∏–±–æ –¥–µ—Ñ–µ–∫—Ç–æ–≤. –ü—Ä–æ–∏–∑–≤–æ–¥–∏–ª–∞—Å—å –∑–∞–º–µ–Ω–∞ —Ç–µ—Ä–º–æ–ø–∞—Å—Ç—ã. –ü—Ä–æ–¥–∞—é –Ω–µ –¥–æ—Ä–æ–≥–æ, –ø–æ—ç—Ç–æ–º—É –±–µ–∑ —Ç–æ—Ä–≥–∞. –ü–∏—Å–∞—Ç—å –∏ –∑–≤–æ–Ω–∏—Ç—å –º–æ–∂–Ω–æ –≤ –ª—é–±–æ–µ –≤—Ä–µ–º—è.
GeForce 285GTX;‚Ññ 1985405836;   —Å–µ–≥–æ–¥–Ω—è –≤ 20:50  ;https://67.img.avito.st/640x480/9590606367.jpg; –ú–æ—Å–∫–≤–∞ ;1 000;Nvidia Zotac GeForce 285GTX (oem) - 1000p
Nvidia Tesla C2075;‚Ññ 1262807996;   —Å–µ–≥–æ–¥–Ω—è –≤ 20:32  ;https://93.img.avito.st/640x480/4301372293.jpg; –ú–æ—Å–∫–≤–∞, –í–æ—Å—Ç–æ—á–Ω—ã–π –∞–¥–º–∏–Ω–∏—Å—Ç—Ä–∞—Ç–∏–≤–Ω—ã–π –æ–∫—Ä—É–≥, —Ä–∞–π–æ–Ω –°–æ–∫–æ–ª–∏–Ω–∞—è –ì–æ—Ä–∞ ;8 000;–ü–æ–ª–Ω–æ—Å—Ç—å—é —Ä–∞–±–æ—á–∞—è, –≤ –º–∞–π–Ω–∏–Ω–≥–µ –Ω–µ —É—á–∞—Å—Ç–≤–æ–≤–∞–ª–∞üòä –ª—é–±—ã–µ –ø—Ä–æ–≤–µ—Ä–∫–∏ –ø–ª—é—Å –≥–∞—Ä–∞–Ω—Ç–∏—è –Ω–∞ –ø—Ä–æ–≤–µ—Ä–∫—É –¥–æ–º–∞. –¢–æ—Ä–≥—É–µ–º–æ
Sapphire AMD Radeon RX 580 8Gb;‚Ññ 2068265229;   —Å–µ–≥–æ–¥–Ω—è –≤ 20:48  ;https://98.img.avito.st/640x480/10167726798.jpg; –ú–æ—Å–∫–≤–∞, —É–ª–∏—Ü–∞ –ù–∞—Ä–æ–¥–Ω–æ–≥–æ –û–ø–æ–ª—á–µ–Ω–∏—è ;19 000;SAPPHIRE AMD Radeon RX 580 , 11265-05-20G PULSE RX 580 8G OC, 8–ì–ë
Gigabyte 1060 3gb;‚Ññ 1359165252;   —Å–µ–≥–æ–¥–Ω—è –≤ 20:48  ;https://04.img.avito.st/640x480/5202057104.jpg; –ú–æ—Å–∫–≤–∞ ;8 000;Gigabyte OC windforce 1060 3gb
